timestamp,prev,real,pred,diff,position,asset
2022-01-01 09:00:00,56784000.0,57915000.0,56768689.761382215,1.9792976579777004,0.0,10000.0
2022-01-02 09:00:00,57915000.0,57531000.0,57373935.78495755,0.2730079696901663,0.0,10000.0
2022-01-03 09:00:00,57531000.0,56641000.0,57367707.578173004,-1.28300626431914,0.0,10000.0
2022-01-04 09:00:00,56641000.0,56023000.0,56686796.75475659,-1.1848647069178593,0.0,10000.0
2022-01-05 09:00:00,56023000.0,53854000.0,58141827.03849115,-7.961947187750497,1.0,10000.0
2022-01-06 09:00:00,53854000.0,53239000.0,53136459.663504325,0.19260379889869297,0.0,9800.0
2022-01-07 09:00:00,53239000.0,51449000.0,52319890.13746728,-1.6927251014932847,0.0,9800.0
2022-01-08 09:00:00,51449000.0,52142000.0,51944025.88033425,0.37968263523790685,1.0,9800.0
2022-01-09 09:00:00,52142000.0,51678000.0,51675129.92676719,0.005553762205981693,0.0,9932.002565647534
2022-01-10 09:00:00,51678000.0,51246000.0,52636847.74474936,-2.714061087205557,1.0,9932.002565647534
2022-01-11 09:00:00,51246000.0,52307000.0,52182800.37562656,0.23744360099689035,1.0,9733.362514334583
2022-01-12 09:00:00,52307000.0,53349000.0,51227457.288203254,3.976724421819988,0.0,9733.362514334583
2022-01-13 09:00:00,53349000.0,51885000.0,53197952.31535395,-2.5305046070231327,0.0,9733.362514334583
2022-01-14 09:00:00,51885000.0,52230000.0,52567922.911652684,-0.6469900663463224,1.0,9733.362514334583
2022-01-15 09:00:00,52230000.0,52357000.0,51232137.28971583,2.1484476006726387,0.0,9798.082762333917
2022-01-16 09:00:00,52357000.0,52165000.0,50851208.22258544,2.5185311557836867,0.0,9798.082762333917
2022-01-17 09:00:00,52165000.0,51436000.0,52115596.19278226,-1.3212461948484728,0.0,9798.082762333917
2022-01-18 09:00:00,51436000.0,51179000.0,51619171.97579913,-0.8600636507144109,1.0,9798.082762333917
2022-01-19 09:00:00,51179000.0,50333000.0,51334330.52322801,-1.9894115654302584,1.0,9602.12110708724
2022-01-20 09:00:00,50333000.0,49648000.0,50469558.08007198,-1.65476571074762,0.0,9602.12110708724
2022-01-21 09:00:00,49648000.0,45316000.0,49833255.18015538,-9.968344911632496,1.0,9602.12110708724
2022-01-22 09:00:00,45316000.0,43375000.0,45650173.38199679,-5.24535650028078,1.0,9410.078684945494
2022-01-23 09:00:00,43375000.0,44253000.0,43196156.583947204,2.3881847921108084,0.0,9410.078684945494
2022-01-24 09:00:00,44253000.0,44731000.0,43690960.257307395,2.32509834945028,0.0,9410.078684945494
2022-01-25 09:00:00,44731000.0,44909000.0,44219928.70368005,1.5343723893205075,0.0,9410.078684945494
2022-01-26 09:00:00,44909000.0,45100000.0,44378036.51796034,1.600805946872861,0.0,9410.078684945494
2022-01-27 09:00:00,45100000.0,45809000.0,45176450.98044236,1.3808400522989805,0.0,9410.078684945494
2022-01-28 09:00:00,45809000.0,46588000.0,44986670.19181598,3.4372151802696407,0.0,9410.078684945494
2022-01-29 09:00:00,46588000.0,47146000.0,46247048.720425196,1.9067392346642429,0.0,9410.078684945494
2022-01-30 09:00:00,47146000.0,47208000.0,47472396.63058743,-0.5600674262570514,1.0,9410.078684945494
2022-01-31 09:00:00,47208000.0,47266000.0,46565065.68666777,1.4829566989638003,0.0,9422.453539195412
2022-02-01 09:00:00,47266000.0,47760000.0,45918474.355649024,3.8557907126276714,0.0,9422.453539195412
2022-02-02 09:00:00,47760000.0,45517000.0,46038954.3681381,-1.1467240111125452,0.0,9422.453539195412
2022-02-03 09:00:00,45517000.0,45835000.0,43753717.21396298,4.540815503517007,0.0,9422.453539195412
2022-02-04 09:00:00,45835000.0,50633000.0,45436087.238852985,10.263884741467058,0.0,9422.453539195412
2022-02-05 09:00:00,50633000.0,50788000.0,51161144.08649726,-0.734709156685166,1.0,9422.453539195412
2022-02-06 09:00:00,50788000.0,51732000.0,49882741.25557702,3.5746902196377093,0.0,9451.297974614512
2022-02-07 09:00:00,51732000.0,53511000.0,52368301.44896481,2.1354460784421674,1.0,9451.297974614512
2022-02-08 09:00:00,53511000.0,53651000.0,53671732.2596643,-0.03864282057053382,1.0,9776.316514335365
2022-02-09 09:00:00,53651000.0,53660000.0,53427591.89395191,0.4331123854791134,0.0,9801.89413972093
2022-02-10 09:00:00,53660000.0,53123000.0,53867777.2222714,-1.4019863755273567,1.0,9801.89413972093
2022-02-11 09:00:00,53123000.0,51882000.0,53387694.5088848,-2.902152015891451,1.0,9703.802131651042
2022-02-12 09:00:00,51882000.0,51597000.0,53071303.832918406,-2.8573440954288145,1.0,9605.85625692651
2022-02-13 09:00:00,51597000.0,51550000.0,51572632.22669666,-0.043903446550266935,0.0,9605.85625692651
2022-02-14 09:00:00,51550000.0,51586000.0,51525279.879335426,0.1177065883467883,0.0,9605.85625692651
2022-02-15 09:00:00,51586000.0,53832000.0,51938006.51073022,3.518341301214479,1.0,9605.85625692651
2022-02-16 09:00:00,53832000.0,53298000.0,52021772.27994686,2.3945133401875047,0.0,10024.08510105199
2022-02-17 09:00:00,53298000.0,49376000.0,52747634.3878648,-6.828488309836354,0.0,10024.08510105199
2022-02-18 09:00:00,49376000.0,49015000.0,49350232.95305057,-0.6839395145375267,0.0,10024.08510105199
2022-02-19 09:00:00,49015000.0,49035000.0,47961139.819952555,2.189987111343826,0.0,10024.08510105199
2022-02-20 09:00:00,49035000.0,47131000.0,48584687.62181478,-3.0843555660070443,0.0,10024.08510105199
2022-02-21 09:00:00,47131000.0,45450000.0,46718122.98679328,-2.7901495859038055,0.0,10024.08510105199
2022-02-22 09:00:00,45450000.0,46474000.0,46335186.4694763,0.2986907314276854,1.0,10024.08510105199
2022-02-23 09:00:00,46474000.0,45543000.0,46999534.03491187,-3.198151274426083,1.0,10249.930274725855
2022-02-24 09:00:00,45543000.0,46927000.0,46448838.34697675,1.0189478403120813,1.0,10044.596430301666
2022-02-25 09:00:00,46927000.0,47831000.0,46354787.27237065,3.0863095641515934,0.0,9823.60339903095
2022-02-26 09:00:00,47831000.0,47809000.0,46620831.153570555,2.485240951346911,0.0,9823.60339903095
2022-02-27 09:00:00,47809000.0,46358000.0,47780946.73994883,-3.069473963391068,0.0,9823.60339903095
2022-02-28 09:00:00,46358000.0,52332000.0,47032964.505830385,10.125803512515507,1.0,9823.60339903095
2022-03-01 09:00:00,52332000.0,53790000.0,52521125.52303755,2.3589412101923166,1.0,11089.538225939163
2022-03-02 09:00:00,53790000.0,53359000.0,53894008.08843918,-1.002657636835738,0.0,11398.499219851477
2022-03-03 09:00:00,53359000.0,51842000.0,52329977.691134036,-0.9412786758497658,0.0,11398.499219851477
2022-03-04 09:00:00,51842000.0,48450000.0,52750344.36163283,-8.875839755692118,1.0,11398.499219851477
2022-03-05 09:00:00,48450000.0,48605000.0,47495159.15093541,2.2833882297388923,0.0,11170.529235454447
2022-03-06 09:00:00,48605000.0,47745000.0,47074468.826555684,1.4044008240534418,0.0,11170.529235454447
2022-03-07 09:00:00,47745000.0,47415000.0,47855912.21712053,-0.9299002786471121,0.0,11170.529235454447
2022-03-08 09:00:00,47415000.0,48213000.0,47261428.75568993,1.973681878974703,0.0,11170.529235454447
2022-03-09 09:00:00,48213000.0,51570000.0,47851087.86963829,7.211386717784979,0.0,11170.529235454447
2022-03-10 09:00:00,51570000.0,48917000.0,51912042.330931194,-6.1227023957544295,1.0,11170.529235454447
2022-03-11 09:00:00,48917000.0,48315000.0,49121959.348942496,-1.6702045926575513,1.0,10947.118650745359
2022-03-12 09:00:00,48315000.0,48500000.0,49289045.456194274,-1.6268978478232456,1.0,10947.118650745359
2022-03-13 09:00:00,48500000.0,47510000.0,48260556.13084858,-1.5797855837688466,0.0,10947.118650745359
2022-03-14 09:00:00,47510000.0,49171000.0,48283123.40918468,1.805691547487992,1.0,10947.118650745359
2022-03-15 09:00:00,49171000.0,48640000.0,47733461.232919514,1.8637721362674462,0.0,11329.841531799622
2022-03-16 09:00:00,48640000.0,50389000.0,48868139.97955909,3.018238148089675,1.0,11329.841531799622
2022-03-17 09:00:00,50389000.0,50069000.0,50153957.200890675,-0.16968024304594695,0.0,11737.240644445954
2022-03-18 09:00:00,50069000.0,50770000.0,49420444.723699495,2.658174662793982,0.0,11737.240644445954
2022-03-19 09:00:00,50770000.0,51245000.0,49608409.15399483,3.1936595687485054,0.0,11737.240644445954
2022-03-20 09:00:00,51245000.0,50462000.0,51052803.87666446,-1.1707896568991711,0.0,11737.240644445954
2022-03-21 09:00:00,50462000.0,50128000.0,51011314.06133128,-1.7621171028791884,1.0,11737.240644445954
2022-03-22 09:00:00,50128000.0,51704000.0,50470962.44756875,2.3848010839224205,1.0,11659.553704268297
2022-03-23 09:00:00,51704000.0,52138000.0,49790320.465649046,4.502818547606264,0.0,12026.124416004788
2022-03-24 09:00:00,52138000.0,52966000.0,52071174.59123885,1.689433615453595,0.0,12026.124416004788
2022-03-25 09:00:00,52966000.0,53791000.0,51811290.11761272,3.6803738216193795,0.0,12026.124416004788
2022-03-26 09:00:00,53791000.0,53902000.0,53300661.617849514,1.1156142298068459,0.0,12026.124416004788
2022-03-27 09:00:00,53902000.0,55949000.0,52730008.31194547,5.753439182209748,0.0,12026.124416004788
2022-03-28 09:00:00,55949000.0,56914000.0,55755801.24845163,2.034997982128074,0.0,12026.124416004788
2022-03-29 09:00:00,56914000.0,56985000.0,57057900.230096236,-0.1279288059949739,0.0,12026.124416004788
2022-03-30 09:00:00,56985000.0,56620000.0,57945217.51802577,-2.3405466584701005,1.0,12026.124416004788
2022-03-31 09:00:00,56620000.0,55352000.0,56375538.90977251,-1.8491453059916678,0.0,11949.09475185033
2022-04-01 09:00:00,55352000.0,56369000.0,55797598.995019086,1.0136795135285606,1.0,11949.09475185033
2022-04-02 09:00:00,56369000.0,56050000.0,56407781.5248502,-0.6383256464767121,0.0,12168.63929157124
2022-04-03 09:00:00,56050000.0,56639000.0,56110791.37727387,0.9325881861016747,0.0,12168.63929157124
2022-04-04 09:00:00,56639000.0,57055000.0,56162085.62900378,1.5650063465011337,0.0,12168.63929157124
2022-04-05 09:00:00,57055000.0,56155000.0,56592805.91527427,-0.7796383497004183,0.0,12168.63929157124
2022-04-06 09:00:00,56155000.0,53072000.0,56459822.59061171,-6.3834462439925215,1.0,12168.63929157124
2022-04-07 09:00:00,53072000.0,53814000.0,53307917.96713864,0.9404282024405535,1.0,11925.266505739815
2022-04-08 09:00:00,53814000.0,52934000.0,53250748.11479932,-0.5983831087756842,0.0,11925.266505739815
2022-04-09 09:00:00,52934000.0,53258000.0,52576026.95058926,1.280508185457092,0.0,11925.266505739815
2022-04-10 09:00:00,53258000.0,52819000.0,52438518.12464144,0.7203503954231606,0.0,11925.266505739815
2022-04-11 09:00:00,52819000.0,50050000.0,53674351.40664225,-7.241461351932569,1.0,11925.266505739815
2022-04-12 09:00:00,50050000.0,50577000.0,51096859.12221263,-1.0278567772161922,1.0,11686.761175625019
2022-04-13 09:00:00,50577000.0,51700000.0,51192294.749088176,0.9820217619184224,1.0,11686.761175625019
2022-04-14 09:00:00,51700000.0,50245000.0,52125220.88676778,-3.7421054567972583,1.0,11686.761175625019
2022-04-15 09:00:00,50245000.0,50850000.0,51556229.79052376,-1.3888491455727827,1.0,11686.761175625019
2022-04-16 09:00:00,50850000.0,50567000.0,51871254.64968655,-2.5792604854678993,1.0,11686.761175625019
2022-04-17 09:00:00,50567000.0,49962000.0,51242613.99827814,-2.5631760103241286,1.0,11686.761175625019
2022-04-18 09:00:00,49962000.0,50839000.0,49414671.18781944,2.8016460044071603,0.0,11686.761175625019
2022-04-19 09:00:00,50839000.0,51458000.0,50557075.73514486,1.7507953376639958,0.0,11686.761175625019
2022-04-20 09:00:00,51458000.0,51388000.0,52166386.35249053,-1.5147239676393893,1.0,11686.761175625019
2022-04-21 09:00:00,51388000.0,50805000.0,51626624.98485587,-1.6172128429403954,1.0,11670.863292258122
2022-04-22 09:00:00,50805000.0,49937000.0,50505775.279625006,-1.1389856812083345,0.0,11453.025952112519
2022-04-23 09:00:00,49937000.0,49742000.0,49479805.14008125,0.5271096054013726,0.0,11453.025952112519
2022-04-24 09:00:00,49742000.0,49620000.0,50025405.89981722,-0.8170211604538914,1.0,11453.025952112519
2022-04-25 09:00:00,49620000.0,50614000.0,49640714.7790141,1.9229565357132352,0.0,11424.935622689542
2022-04-26 09:00:00,50614000.0,48777000.0,51168509.09593986,-4.902944207187526,1.0,11424.935622689542
2022-04-27 09:00:00,48777000.0,49954000.0,49074882.372775994,1.7598543204228003,1.0,11196.43691023575
2022-04-28 09:00:00,49954000.0,50580000.0,50820775.44736526,-0.4760289588083464,1.0,11196.43691023575
2022-04-29 09:00:00,50580000.0,49731000.0,51528637.990323454,-3.6147231914167306,1.0,11336.745384147902
2022-04-30 09:00:00,49731000.0,49283000.0,50436443.1818761,-2.340448393718119,1.0,11196.43691023575
2022-05-01 09:00:00,49283000.0,49383000.0,49933065.609963745,-1.113876455386965,1.0,11196.43691023575
2022-05-02 09:00:00,49383000.0,49520000.0,48133370.32118888,2.800140708423098,0.0,11196.43691023575
2022-05-03 09:00:00,49520000.0,48777000.0,48832254.88444228,-0.11328061267047432,0.0,11196.43691023575
2022-05-04 09:00:00,48777000.0,50616000.0,49653558.48035941,1.9014570879575377,1.0,11196.43691023575
2022-05-05 09:00:00,50616000.0,47647000.0,51291305.0893728,-7.648550988252772,1.0,11618.56716584646
2022-05-06 09:00:00,47647000.0,47031000.0,48427358.637412205,-2.969017536119167,1.0,10972.508172031035
2022-05-07 09:00:00,47031000.0,46507000.0,47887080.358275734,-2.967468033362147,1.0,10972.508172031035
2022-05-08 09:00:00,46507000.0,44770000.0,46255850.89731878,-3.3188539140468625,0.0,10972.508172031035
2022-05-09 09:00:00,44770000.0,41002000.0,44349311.864965916,-8.163777047377971,0.0,10972.508172031035
2022-05-10 09:00:00,41002000.0,41046000.0,43690905.46022257,-6.443759343718199,1.0,10972.508172031035
2022-05-11 09:00:00,41046000.0,40290000.0,42394819.45144319,-5.22417337166341,1.0,10753.058008590415
2022-05-12 09:00:00,40290000.0,39243000.0,41158429.82693351,-4.88094647945751,1.0,10753.058008590415
2022-05-13 09:00:00,39243000.0,39270000.0,39108851.623745345,0.41036001083436574,0.0,10753.058008590415
2022-05-14 09:00:00,39270000.0,39967000.0,39945570.70268095,0.05361747771673419,1.0,10753.058008590415
2022-05-15 09:00:00,39967000.0,40906000.0,40402005.686608516,1.2320791898290822,1.0,10537.996848418607
2022-05-16 09:00:00,40906000.0,39256000.0,41433979.63975858,-5.548144588747146,1.0,10785.580581014625
2022-05-17 09:00:00,39256000.0,39259000.0,40391654.23905338,-2.8850817368078236,1.0,10350.529293705327
2022-05-18 09:00:00,39259000.0,37099000.0,41140395.51786796,-10.893543000803147,1.0,10537.996848418607
2022-05-19 09:00:00,37099000.0,38780000.0,37901643.50972167,2.2649728991189617,1.0,10537.996848418607
2022-05-20 09:00:00,38780000.0,37762000.0,39426249.400128834,-4.4072067160871615,1.0,10537.996848418607
2022-05-21 09:00:00,37762000.0,38037000.0,38069903.97790208,-0.08650518679726882,1.0,10537.996848418607
2022-05-22 09:00:00,38037000.0,38933000.0,38849633.34589074,0.21412851336722558,1.0,10537.996848418607
2022-05-23 09:00:00,38933000.0,37436000.0,40333761.14043425,-7.740573620136367,1.0,10537.996848418607
2022-05-24 09:00:00,37436000.0,37827000.0,38137291.043730974,-0.8202898557405404,1.0,10537.996848418607
2022-05-25 09:00:00,37827000.0,37935000.0,38615008.13143888,-1.792561306020512,1.0,10537.996848418607
2022-05-26 09:00:00,37935000.0,37662000.0,38486914.78052167,-2.190310606238831,1.0,10537.996848418607
2022-05-27 09:00:00,37662000.0,36837000.0,37615011.71661101,-2.1120387561718186,0.0,10537.996848418607
2022-05-28 09:00:00,36837000.0,37034000.0,37468441.24024902,-1.1730875418507936,1.0,10537.996848418607
2022-05-29 09:00:00,37034000.0,37380000.0,36535262.350358464,2.259865301341723,0.0,10594.35283232442
2022-05-30 09:00:00,37380000.0,39550000.0,37065098.94345709,6.282935667617978,0.0,10594.35283232442
2022-05-31 09:00:00,39550000.0,39923000.0,40070215.85009055,-0.36874946795217894,1.0,10594.35283232442
2022-06-01 09:00:00,39923000.0,37880000.0,39453697.49990104,-4.154428458028092,0.0,10694.269231981994
2022-06-02 09:00:00,37880000.0,38392000.0,39915885.84132795,-3.969279645050923,1.0,10694.269231981994
2022-06-03 09:00:00,38392000.0,37851000.0,38348780.29156334,-1.3151047305575534,0.0,10838.816904811318
2022-06-04 09:00:00,37851000.0,37916000.0,38033532.6767781,-0.3099817406321881,1.0,10838.816904811318
2022-06-05 09:00:00,37916000.0,37972000.0,38902629.69686109,-2.4508313938193624,1.0,10857.429969163983
2022-06-06 09:00:00,37972000.0,39532000.0,38191472.74661888,3.3909927486115508,1.0,10873.465839990895
2022-06-07 09:00:00,39532000.0,39398000.0,40666491.2696904,-3.219684424819539,1.0,11320.179384454863
2022-06-08 09:00:00,39398000.0,38581000.0,39445540.041036785,-2.2408440450915856,0.0,11281.807836404752
2022-06-09 09:00:00,38581000.0,38256000.0,39088833.69993711,-2.177001515937664,1.0,11281.807836404752
2022-06-10 09:00:00,38256000.0,37611000.0,38763284.00536951,-3.06368882871901,1.0,11186.771742295436
2022-06-11 09:00:00,37611000.0,37058000.0,38333971.166273884,-3.4431733128444177,1.0,11056.171679676658
2022-06-12 09:00:00,37058000.0,34718000.0,36906697.51057521,-6.304215423052055,0.0,11056.171679676658
2022-06-13 09:00:00,34718000.0,29372000.0,35335505.33928713,-20.30336830752803,1.0,11056.171679676658
2022-06-14 09:00:00,29372000.0,28829000.0,32240172.098340534,-11.83243296104802,1.0,10835.048246083124
2022-06-15 09:00:00,28829000.0,29253000.0,30105767.282855537,-2.915144712868891,1.0,10835.048246083124
2022-06-16 09:00:00,29253000.0,26898000.0,29814515.467070483,-10.842871094767204,1.0,10835.048246083124
2022-06-17 09:00:00,26898000.0,27010000.0,27259683.630768146,-0.9244118132845107,1.0,10835.048246083124
2022-06-18 09:00:00,27010000.0,25093000.0,26868232.741480466,-7.0746134040587645,0.0,10835.048246083124
2022-06-19 09:00:00,25093000.0,26642000.0,26611158.701112002,0.11576195063432876,1.0,10835.048246083124
2022-06-20 09:00:00,26642000.0,26643000.0,25582830.05938247,3.979168789616528,0.0,10618.347281161461
2022-06-21 09:00:00,26643000.0,26967000.0,26051274.08837501,3.395727784421665,0.0,10618.347281161461
2022-06-22 09:00:00,26967000.0,26193000.0,27153288.19072606,-3.6662016215250657,1.0,10618.347281161461
2022-06-23 09:00:00,26193000.0,27419000.0,27008985.621439636,1.49536590889662,1.0,10405.980335538232
2022-06-24 09:00:00,27419000.0,27597000.0,27080878.89370729,1.8702072917081918,0.0,10405.980335538232
2022-06-25 09:00:00,27597000.0,27832000.0,28139237.170296196,-1.1038990022139836,1.0,10405.980335538232
2022-06-26 09:00:00,27832000.0,27460000.0,27848472.363870386,-1.414684500620488,0.0,10494.591611359932
2022-06-27 09:00:00,27460000.0,27039000.0,27381778.199231725,-1.2677177381993607,0.0,10494.591611359932
2022-06-28 09:00:00,27039000.0,26547000.0,27129919.247597165,-2.1958008347352447,1.0,10494.591611359932
2022-06-29 09:00:00,26547000.0,26548000.0,26298943.96338113,0.9381348373469555,0.0,10284.699779132734
2022-06-30 09:00:00,26548000.0,26003000.0,25927376.338309996,0.29082668034459164,0.0,10284.699779132734
2022-07-01 09:00:00,26003000.0,25556000.0,25930137.613791592,-1.4639912889012068,0.0,10284.699779132734
2022-07-02 09:00:00,25556000.0,25463000.0,26509300.01035137,-4.109099518326085,1.0,10284.699779132734
2022-07-03 09:00:00,25463000.0,25422000.0,25396399.712584402,0.10070131152386746,0.0,10247.273066053249
2022-07-04 09:00:00,25422000.0,26399000.0,25775160.6226573,2.363117456504795,1.0,10247.273066053249
2022-07-05 09:00:00,26399000.0,26548000.0,25767022.199956402,2.941757571356026,0.0,10641.088886426705
2022-07-06 09:00:00,26548000.0,26954000.0,26262171.994845416,2.566698839335845,0.0,10641.088886426705
2022-07-07 09:00:00,26954000.0,28115000.0,26476937.77139045,5.826292828061713,0.0,10641.088886426705
2022-07-08 09:00:00,28115000.0,28241000.0,26733081.184291486,5.339466788387502,0.0,10641.088886426705
2022-07-09 09:00:00,28241000.0,28200000.0,27460597.945640083,2.6219931005670802,0.0,10641.088886426705
2022-07-10 09:00:00,28200000.0,27317000.0,27601237.401205823,-1.040514702221411,0.0,10641.088886426705
2022-07-11 09:00:00,27317000.0,26460000.0,27569658.971569117,-4.193722492702634,1.0,10641.088886426705
2022-07-12 09:00:00,26460000.0,25723000.0,26904585.65135498,-4.593498625179722,1.0,10428.267108698172
2022-07-13 09:00:00,25723000.0,26611000.0,24949536.64091136,6.243520946558343,0.0,10428.267108698172
2022-07-14 09:00:00,26611000.0,27135000.0,26013350.20463804,4.133590548597599,0.0,10428.267108698172
2022-07-15 09:00:00,27135000.0,27518000.0,27598033.408037055,-0.2908402065450079,1.0,10428.267108698172
2022-07-16 09:00:00,27518000.0,27857000.0,27194871.84800283,2.3768824783615297,0.0,10575.458054068778
2022-07-17 09:00:00,27857000.0,27505000.0,27390124.3496606,0.41765370056134715,0.0,10575.458054068778
2022-07-18 09:00:00,27505000.0,29322000.0,27549663.259868015,6.044392402059836,0.0,10575.458054068778
2022-07-19 09:00:00,29322000.0,30660000.0,28719526.31998591,6.32900743644517,0.0,10575.458054068778
2022-07-20 09:00:00,30660000.0,30505000.0,30657595.403237008,-0.5002307924504427,0.0,10575.458054068778
2022-07-21 09:00:00,30505000.0,30415000.0,31855529.381251767,-4.7362465272127805,1.0,10575.458054068778
2022-07-22 09:00:00,30415000.0,30080000.0,32093545.891733855,-6.6939690549662725,1.0,10363.948892987402
2022-07-23 09:00:00,30080000.0,29722000.0,29514719.951203823,0.697396032555605,0.0,10363.948892987402
2022-07-24 09:00:00,29722000.0,29818000.0,29607299.491728444,0.7066218668977006,0.0,10363.948892987402
2022-07-25 09:00:00,29818000.0,28555000.0,29771857.333860885,-4.261451002839731,0.0,10363.948892987402
2022-07-26 09:00:00,28555000.0,28401000.0,29057085.70439116,-2.3100795901241473,1.0,10363.948892987402
2022-07-27 09:00:00,28401000.0,30202000.0,28322836.72844418,6.221982887079725,0.0,10156.669915127653
2022-07-28 09:00:00,30202000.0,31217000.0,30521938.163586535,2.2265491123857686,1.0,10156.669915127653
2022-07-29 09:00:00,31217000.0,31404000.0,30841888.235017836,1.7899368391993502,0.0,10498.005587065094
2022-07-30 09:00:00,31404000.0,31281000.0,31247397.390197642,0.10742178895290384,0.0,10498.005587065094
2022-07-31 09:00:00,31281000.0,30751000.0,31843696.4058462,-3.5533686899489476,1.0,10498.005587065094
2022-08-01 09:00:00,30751000.0,30851000.0,33026974.589693476,-7.053173607641488,1.0,10320.135859078633
2022-08-02 09:00:00,30851000.0,30754000.0,30290000.016699962,1.508746775378935,0.0,10288.045475323792
2022-08-03 09:00:00,30754000.0,30708000.0,30262228.53938071,1.45164602259766,0.0,10288.045475323792
2022-08-04 09:00:00,30708000.0,30315000.0,31093422.69768507,-2.567780629012272,1.0,10288.045475323792
2022-08-05 09:00:00,30315000.0,30767000.0,30658373.236616615,0.35306257803290797,1.0,10156.379398998331
2022-08-06 09:00:00,30767000.0,30534000.0,30579998.250187233,-0.150646001792209,0.0,10307.812138181813
2022-08-07 09:00:00,30534000.0,30685000.0,31147146.30127228,-1.506098423569433,1.0,10307.812138181813
2022-08-08 09:00:00,30685000.0,31459000.0,30781971.192179304,2.1520989472669076,1.0,10358.78743237404
2022-08-09 09:00:00,31459000.0,30997000.0,30870287.061447922,0.4087909751010674,0.0,10620.07801320042
2022-08-10 09:00:00,30997000.0,31583000.0,31332364.365322154,0.7935776673458695,1.0,10620.07801320042
2022-08-11 09:00:00,31583000.0,31770000.0,31321509.944323175,1.4116778585987577,0.0,10820.85117562696
2022-08-12 09:00:00,31770000.0,32368000.0,34444387.44217494,-6.414938958770827,1.0,10820.85117562696
2022-08-13 09:00:00,32368000.0,32562000.0,34184189.21896732,-4.981847610611506,1.0,11024.529771882073
2022-08-14 09:00:00,32562000.0,32544000.0,36016528.16486674,-10.67025616048039,1.0,11090.606105784233
2022-08-15 09:00:00,32544000.0,32445000.0,35102727.20924806,-8.191484694862254,1.0,11084.475311917022
2022-08-16 09:00:00,32445000.0,32082000.0,36306128.8077216,-13.166662950319804,1.0,11050.755945647363
2022-08-17 09:00:00,32082000.0,31547000.0,32070328.105787493,-1.6588839058785092,0.0,10927.11826932528
2022-08-18 09:00:00,31547000.0,31720000.0,31833087.236620903,-0.35651713941016083,1.0,10927.11826932528
2022-08-19 09:00:00,31720000.0,28678000.0,32187419.760813244,-12.237323944533243,1.0,10987.041287697653
2022-08-20 09:00:00,28678000.0,29340000.0,28669411.75994688,2.285576823630269,0.0,10708.575903938774
2022-08-21 09:00:00,29340000.0,29459000.0,29525707.981486674,-0.22644346884372996,1.0,10708.575903938774
2022-08-22 09:00:00,29459000.0,29260000.0,29117961.95106576,0.48543420688393674,0.0,10752.008778259453
2022-08-23 09:00:00,29260000.0,29307000.0,29077224.45624079,0.7840295620814419,0.0,10752.008778259453
2022-08-24 09:00:00,29307000.0,29104000.0,29150261.789138194,-0.158953371145527,0.0,10752.008778259453
2022-08-25 09:00:00,29104000.0,29300000.0,29435717.016555842,-0.46319800872301026,1.0,10752.008778259453
2022-08-26 09:00:00,29300000.0,27969000.0,28785146.405362826,-2.9180392769238295,0.0,10824.417853319199
2022-08-27 09:00:00,27969000.0,27739000.0,28027257.182932645,-1.039176549019954,0.0,10824.417853319199
2022-08-28 09:00:00,27739000.0,27099000.0,28613205.165333413,-5.587679122231124,1.0,10824.417853319199
2022-08-29 09:00:00,27099000.0,27792000.0,27259025.621147454,1.9177258882144006,1.0,10607.929496252815
2022-08-30 09:00:00,27792000.0,27314000.0,27463904.0543516,-0.5488176552376135,0.0,10607.929496252815
2022-08-31 09:00:00,27314000.0,27530000.0,27677932.695063278,-0.5373508720060954,1.0,10607.929496252815
2022-09-01 09:00:00,27530000.0,27636000.0,27257342.97091106,1.3701585941849055,0.0,10691.81734758146
2022-09-02 09:00:00,27636000.0,27571000.0,27586514.128052644,-0.05626973288108677,0.0,10691.81734758146
2022-09-03 09:00:00,27571000.0,27447000.0,27379546.420086183,0.24575939051195883,0.0,10691.81734758146
2022-09-04 09:00:00,27447000.0,27528000.0,27699078.497755878,-0.6214708578751732,1.0,10691.81734758146
2022-09-05 09:00:00,27528000.0,27309000.0,27338837.023458704,-0.10925710739574629,0.0,10723.370420964857
2022-09-06 09:00:00,27309000.0,26361000.0,27430669.684160694,-4.057773544860568,1.0,10723.370420964857
2022-09-07 09:00:00,26361000.0,26810000.0,26811259.15298459,-0.004696579576983731,1.0,10508.90301254556
2022-09-08 09:00:00,26810000.0,26887000.0,26566765.88505837,1.1910369879184384,0.0,10508.90301254556
2022-09-09 09:00:00,26887000.0,29350000.0,27296358.931839548,6.9970734860662755,1.0,10508.90301254556
2022-09-10 09:00:00,29350000.0,29727000.0,28747440.79584786,3.295183517180142,0.0,11471.577469342514
2022-09-11 09:00:00,29727000.0,30028000.0,30176736.91154492,-0.4953273995767917,1.0,11471.577469342514
2022-09-12 09:00:00,30028000.0,30656000.0,30486086.048488256,0.5542600192841349,1.0,11587.732642022977
2022-09-13 09:00:00,30656000.0,28371000.0,31028144.645615317,-9.365706692098682,1.0,11830.076324558957
2022-09-14 09:00:00,28371000.0,28344000.0,29330055.674290743,-3.4788867989371393,1.0,11242.145919955663
2022-09-15 09:00:00,28344000.0,28024000.0,28196199.356455542,-0.6144710121879181,0.0,11242.145919955663
2022-09-16 09:00:00,28024000.0,27915000.0,27582223.910231233,1.1921049248388584,0.0,11242.145919955663
2022-09-17 09:00:00,27915000.0,28174000.0,27610979.03454083,1.9983707157633694,0.0,11242.145919955663
2022-09-18 09:00:00,28174000.0,27490000.0,28142890.85454716,-2.375012202790693,0.0,11242.145919955663
2022-09-19 09:00:00,27490000.0,27566000.0,27580441.730365068,-0.05238964799052355,1.0,11242.145919955663
2022-09-20 09:00:00,27566000.0,26757000.0,27398871.934316855,-2.398893501950349,0.0,11017.30300155655
2022-09-21 09:00:00,26757000.0,26538000.0,27058429.38009642,-1.9610723494476623,1.0,11017.30300155655
2022-09-22 09:00:00,26538000.0,27572000.0,26838260.206202038,2.6611772588058984,1.0,10796.956941525417
2022-09-23 09:00:00,27572000.0,27594000.0,27615719.28011061,-0.07871015478223087,0.0,11217.638736594272
2022-09-24 09:00:00,27594000.0,27270000.0,27548066.790371753,-1.0196801993830336,0.0,11217.638736594272
2022-09-25 09:00:00,27270000.0,27051000.0,27344706.013914887,-1.08574919195182,0.0,11217.638736594272
2022-09-26 09:00:00,27051000.0,27597000.0,27272304.36623708,1.1765613427652224,1.0,11217.638736594272
2022-09-27 09:00:00,27597000.0,27501000.0,27494074.863959678,0.02518139718672951,0.0,11444.056641669147
2022-09-28 09:00:00,27501000.0,27952000.0,27570904.830764603,1.3633914182720275,0.0,11444.056641669147
2022-09-29 09:00:00,27952000.0,28033000.0,27682203.254989143,1.2513706881563034,0.0,11444.056641669147
2022-09-30 09:00:00,28033000.0,27924000.0,27726173.929250702,0.7084446023109072,0.0,11444.056641669147
2022-10-01 09:00:00,27924000.0,27868000.0,27827252.671293333,0.1462154754796427,0.0,11444.056641669147
2022-10-02 09:00:00,27868000.0,27691000.0,27374725.171287797,1.1421574833418895,0.0,11444.056641669147
2022-10-03 09:00:00,27691000.0,28299000.0,27847378.088783674,1.5958935341048308,1.0,11444.056641669147
2022-10-04 09:00:00,28299000.0,28980000.0,28228039.862927284,2.5947554764413936,0.0,11695.32912869146
2022-10-05 09:00:00,28980000.0,28721000.0,28804716.029160574,-0.29148020319826634,0.0,11695.32912869146
2022-10-06 09:00:00,28721000.0,28418000.0,29062733.884578474,-2.268751793153895,1.0,11695.32912869146
2022-10-07 09:00:00,28418000.0,27805000.0,28646258.19768097,-3.025564458482175,1.0,11571.94607357522
2022-10-08 09:00:00,27805000.0,27743000.0,27830630.380096465,-0.31586483111583225,0.0,11461.42254611763
2022-10-09 09:00:00,27743000.0,27679000.0,28048008.722092003,-1.3331721597312136,1.0,11461.42254611763
2022-10-10 09:00:00,27679000.0,27401000.0,27982401.413929064,-2.121825531656012,1.0,11434.982325415056
2022-10-11 09:00:00,27401000.0,27339000.0,27488170.665546186,-0.5456332182822571,1.0,11320.132616738247
2022-10-12 09:00:00,27339000.0,27460000.0,27506989.689326577,-0.171120500096784,1.0,11232.194095195277
2022-10-13 09:00:00,27460000.0,27810000.0,27556342.911087833,0.9121074754123217,1.0,11281.906794471717
2022-10-14 09:00:00,27810000.0,27660000.0,27209938.21510591,1.627121420441396,0.0,11232.194095195277
2022-10-15 09:00:00,27660000.0,27524000.0,27763286.350482102,-0.86937345764461,1.0,11232.194095195277
2022-10-16 09:00:00,27524000.0,27655000.0,27507640.748571575,0.5328484954924075,0.0,11176.96711049005
2022-10-17 09:00:00,27655000.0,27993000.0,27780835.70112834,0.7579191186070043,1.0,11176.96711049005
2022-10-18 09:00:00,27993000.0,27812000.0,27736603.294797026,0.2710941507369998,0.0,11313.572240967202
2022-10-19 09:00:00,27812000.0,27657000.0,27452408.099038724,0.7397472645669311,0.0,11313.572240967202
2022-10-20 09:00:00,27657000.0,27505000.0,27335156.155209254,0.6175017080194347,0.0,11313.572240967202
2022-10-21 09:00:00,27505000.0,27580000.0,27443709.948895987,0.49416262184196114,0.0,11313.572240967202
2022-10-22 09:00:00,27580000.0,27620000.0,27571663.949221354,0.17500380441218688,0.0,11313.572240967202
2022-10-23 09:00:00,27620000.0,27981000.0,27604294.448027648,1.3462905256150672,0.0,11313.572240967202
2022-10-24 09:00:00,27981000.0,27803000.0,27859436.09478013,-0.2029856302561898,0.0,11313.572240967202
2022-10-25 09:00:00,27803000.0,28494000.0,28011481.950656142,1.6934022929173085,1.0,11313.572240967202
2022-10-26 09:00:00,28494000.0,29079000.0,28683088.80427758,1.3615021002180947,1.0,11594.753351585061
2022-10-27 09:00:00,29079000.0,28590000.0,28309290.74591066,0.9818441905888092,0.0,11832.801035682669
2022-10-28 09:00:00,28590000.0,28958000.0,28391910.81300365,1.9548628599915332,0.0,11832.801035682669
2022-10-29 09:00:00,28958000.0,29091000.0,28531991.851365425,1.9215845059797714,0.0,11832.801035682669
2022-10-30 09:00:00,29091000.0,28957000.0,29116146.022674106,-0.5495943042238701,0.0,11832.801035682669
2022-10-31 09:00:00,28957000.0,28778000.0,29557280.947160304,-2.7079051607488482,1.0,11832.801035682669
2022-11-01 09:00:00,28778000.0,28749000.0,28932965.63411274,-0.6399027239651528,1.0,11759.655634384633
2022-11-02 09:00:00,28749000.0,28632000.0,28942048.877324674,-1.0828753748416955,1.0,11747.805262107298
2022-11-03 09:00:00,28632000.0,28693000.0,28974776.248358652,-0.9820382963045062,1.0,11699.995139471153
2022-11-04 09:00:00,28693000.0,29388000.0,29344819.90988603,0.14693102665704158,1.0,11724.921784606238
2022-11-05 09:00:00,29388000.0,29756000.0,29891484.23091325,-0.45531735083093033,1.0,12008.92208573548
2022-11-06 09:00:00,29756000.0,29473000.0,30123598.504752614,-2.207439028102377,1.0,12159.299223599595
2022-11-07 09:00:00,29473000.0,28945000.0,29635042.004800167,-2.38397652375252,1.0,12043.655935513876
2022-11-08 09:00:00,28945000.0,26650000.0,28933246.655912075,-8.567529665711351,0.0,11827.897433361013
2022-11-09 09:00:00,26650000.0,22919000.0,27097342.62774321,-18.230911591881018,1.0,11827.897433361013
2022-11-10 09:00:00,22919000.0,24779000.0,26371853.160971656,-6.428238270195151,1.0,11591.339484693792
2022-11-11 09:00:00,24779000.0,23656000.0,26312540.39062535,-11.229879906262049,1.0,11591.339484693792
2022-11-12 09:00:00,23656000.0,23380000.0,23917119.771321222,-2.297347182725501,1.0,11591.339484693792
2022-11-13 09:00:00,23380000.0,22510000.0,23519759.32871645,-4.485825538500442,1.0,11591.339484693792
2022-11-14 09:00:00,22510000.0,22701000.0,24801023.201598752,-9.250796007218854,1.0,11591.339484693792
2022-11-15 09:00:00,22701000.0,23003000.0,24382140.92348625,-5.995482865218673,1.0,11591.339484693792
2022-11-16 09:00:00,23003000.0,22954000.0,22983094.604129054,-0.1267517823867459,0.0,11591.339484693792
2022-11-17 09:00:00,22954000.0,22982000.0,23423163.19703653,-1.9196031548017178,1.0,11591.339484693792
2022-11-18 09:00:00,22982000.0,23061000.0,23296839.506791476,-1.022676843118148,1.0,11605.47895953789
2022-11-19 09:00:00,23061000.0,23081000.0,23113870.95211244,-0.14241563239218413,0.0,11645.372477848023
2022-11-20 09:00:00,23081000.0,22788000.0,23273451.315250274,-2.1302936424884753,1.0,11645.372477848023
2022-11-21 09:00:00,22788000.0,22220000.0,23302450.36258886,-4.871513783028173,1.0,11497.541182149853
2022-11-22 09:00:00,22220000.0,22584000.0,22976468.218930654,-1.7378153512692802,1.0,11412.465028291062
2022-11-23 09:00:00,22584000.0,22985000.0,22657509.30839409,1.424801790758802,1.0,11412.465028291062
2022-11-24 09:00:00,22985000.0,22738000.0,22885604.70466788,-0.6491542997092142,0.0,11412.465028291062
2022-11-25 09:00:00,22738000.0,22676000.0,22665487.86258144,0.04635798826318876,0.0,11412.465028291062
2022-11-26 09:00:00,22676000.0,22660000.0,22675192.083590806,-0.06704361690558487,0.0,11412.465028291062
2022-11-27 09:00:00,22660000.0,22646000.0,22196648.29669156,1.9842431480545826,0.0,11412.465028291062
2022-11-28 09:00:00,22646000.0,22339000.0,22741091.62332225,-1.799953549049861,1.0,11412.465028291062
2022-11-29 09:00:00,22339000.0,22417000.0,22323785.296703693,0.41582148947810804,0.0,11257.752197606378
2022-11-30 09:00:00,22417000.0,23192000.0,22711155.70692147,2.073319649355513,1.0,11257.752197606378
2022-12-01 09:00:00,23192000.0,23002000.0,23137331.993242193,-0.5883488098521564,0.0,11646.95494343075
2022-12-02 09:00:00,23002000.0,22877000.0,23113631.74262466,-1.034365269155305,1.0,11646.95494343075
2022-12-03 09:00:00,22877000.0,22830000.0,23205078.010558706,-1.6429172604411117,1.0,11583.661779013359
2022-12-04 09:00:00,22830000.0,22906000.0,22907912.010642834,-0.00834720441296607,1.0,11559.86354919242
2022-12-05 09:00:00,22906000.0,22725000.0,22974711.045086954,-1.0988384822308197,0.0,11598.345793158194
2022-12-06 09:00:00,22725000.0,22821000.0,22930339.255237512,-0.47911684517555014,1.0,11598.345793158194
2022-12-07 09:00:00,22821000.0,22544000.0,22827425.680257346,-1.2572111437958946,0.0,11647.34210541972
2022-12-08 09:00:00,22544000.0,22918000.0,22650418.33140097,1.1675611685095912,1.0,11647.34210541972
2022-12-09 09:00:00,22918000.0,22849000.0,22778094.52736059,0.3103219950081478,0.0,11840.568948368043
2022-12-10 09:00:00,22849000.0,22831000.0,22916300.772669174,-0.3736182062510349,0.0,11840.568948368043
2022-12-11 09:00:00,22831000.0,22775000.0,22818970.22880763,-0.19306357324973944,0.0,11840.568948368043
2022-12-12 09:00:00,22775000.0,22824000.0,22747096.759109862,0.33694024224560926,0.0,11840.568948368043
2022-12-13 09:00:00,22824000.0,23161000.0,22677945.2262531,2.0856386759936973,0.0,11840.568948368043
2022-12-14 09:00:00,23161000.0,23235000.0,22922361.776053786,1.3455486289916667,0.0,11840.568948368043
2022-12-15 09:00:00,23235000.0,22942000.0,23778428.461466245,-3.6458393403637235,1.0,11840.568948368043
2022-12-16 09:00:00,22942000.0,22249000.0,22798555.012900986,-2.470021182529488,0.0,11691.255985085416
2022-12-17 09:00:00,22249000.0,22230000.0,22815984.56186614,-2.63600792562367,1.0,11691.255985085416
2022-12-18 09:00:00,22230000.0,22210000.0,22683987.01739267,-2.1341153417049474,1.0,11681.27199192992
2022-12-19 09:00:00,22210000.0,21654000.0,22553493.013272468,-4.15393466921801,1.0,11670.762525450451
2022-12-20 09:00:00,21654000.0,22011000.0,22375480.204288576,-1.655900251186115,1.0,11457.430865383707
2022-12-21 09:00:00,22011000.0,21943000.0,22151077.874757536,-0.9482653910474217,1.0,11457.430865383707
2022-12-22 09:00:00,21943000.0,21891000.0,21853862.491432764,0.16964738279309471,0.0,11422.034686252995
2022-12-23 09:00:00,21891000.0,21872000.0,22042753.356398225,-0.7806938386897624,1.0,11422.034686252995
2022-12-24 09:00:00,21872000.0,21951000.0,21926103.90330255,0.11341668578857313,0.0,11412.121084360035
2022-12-25 09:00:00,21951000.0,21848000.0,21924986.015045036,-0.35237099526288734,0.0,11412.121084360035
2022-12-26 09:00:00,21848000.0,21702000.0,21949796.657534037,-1.141814844410823,1.0,11412.121084360035
2022-12-27 09:00:00,21702000.0,21321000.0,21948233.599228006,-2.941858258186792,1.0,11335.859198680953
2022-12-28 09:00:00,21321000.0,21061000.0,21979108.677302532,-4.359283402034718,1.0,11183.878662672834
2022-12-29 09:00:00,21061000.0,21201000.0,21458130.29749577,-1.212821553208675,1.0,11183.878662672834
2022-12-30 09:00:00,21201000.0,21070000.0,21557822.922369294,-2.3152488009933263,1.0,11183.878662672834
2022-12-31 09:00:00,21070000.0,21079000.0,21098976.33938749,-0.09476891402576662,0.0,11183.878662672834
2023-01-01 09:00:00,21079000.0,21123000.0,21303968.804702286,-0.8567381749859665,1.0,11183.878662672834
2023-01-02 09:00:00,21123000.0,21215000.0,21628765.58961273,-1.9503445185610646,1.0,11207.223729381767
2023-01-03 09:00:00,21215000.0,21351000.0,21921931.128788903,-2.6740252390468986,1.0,11256.036141591354
2023-01-04 09:00:00,21351000.0,21588000.0,21441457.341636587,0.6788153528043963,1.0,11328.193620509875
2023-01-05 09:00:00,21588000.0,21575000.0,21572351.400249492,0.01227624449829721,0.0,11453.938638919357
2023-01-06 09:00:00,21575000.0,21517000.0,21616717.002102576,-0.46343357393026996,0.0,11453.938638919357
2023-01-07 09:00:00,21517000.0,21539000.0,21508259.534040697,0.14272002395330832,0.0,11453.938638919357
2023-01-08 09:00:00,21539000.0,21704000.0,21330541.00672531,1.7206920073474414,0.0,11453.938638919357
2023-01-09 09:00:00,21704000.0,21655000.0,21569307.98869303,0.39571466777636255,0.0,11453.938638919357
2023-01-10 09:00:00,21655000.0,21916000.0,21727907.409476265,0.8582432493326094,1.0,11453.938638919357
2023-01-11 09:00:00,21916000.0,22485000.0,21835318.582279872,2.88939923380088,0.0,11591.988880653735
2023-01-12 09:00:00,22485000.0,23552000.0,22634668.7228615,3.8949188057850774,1.0,11591.988880653735
2023-01-13 09:00:00,23552000.0,24802000.0,23520374.979299188,5.167426097495413,0.0,12142.073476413465
2023-01-14 09:00:00,24802000.0,25881000.0,24906124.77596806,3.766760264409954,1.0,12142.073476413465
2023-01-15 09:00:00,25881000.0,25836000.0,27096620.928221162,-4.879319276285657,1.0,12670.308992946411
2023-01-16 09:00:00,25836000.0,26368000.0,26931651.91699127,-2.1376362143176237,1.0,12648.278781413526
2023-01-17 09:00:00,26368000.0,26255000.0,27093402.127475083,-3.1933046180730638,1.0,12908.724837757853
2023-01-18 09:00:00,26255000.0,25718000.0,27148009.692909054,-5.560345644719863,1.0,12853.404528797497
2023-01-19 09:00:00,25718000.0,26205000.0,26570601.003023837,-1.395157424246658,1.0,12590.51067117174
2023-01-20 09:00:00,26205000.0,28026000.0,25937183.11456046,7.45313953271798,0.0,12828.926515983181
2023-01-21 09:00:00,28026000.0,28333000.0,28308075.063946377,0.08797139749981475,1.0,12828.926515983181
2023-01-22 09:00:00,28333000.0,28390000.0,29089413.754674938,-2.4635919502463457,1.0,12969.456040011113
2023-01-23 09:00:00,28390000.0,28609000.0,28468079.234563302,0.4925749429784255,0.0,12995.547840889263
2023-01-24 09:00:00,28609000.0,28351000.0,28767206.90831004,-1.468050186272233,1.0,12995.547840889263
2023-01-25 09:00:00,28351000.0,28736000.0,28630210.479721416,0.3681428183413983,1.0,12735.636884071479
2023-01-26 09:00:00,28736000.0,28930000.0,28467828.13267372,1.5975522548436858,0.0,12735.636884071479
2023-01-27 09:00:00,28930000.0,28950000.0,28883324.04913364,0.23031416534148608,0.0,12735.636884071479
2023-01-28 09:00:00,28950000.0,29063000.0,28876915.071532015,0.6402812113958822,0.0,12735.636884071479
2023-01-29 09:00:00,29063000.0,29670000.0,29381348.16764832,0.9728743928266965,1.0,12735.636884071479
2023-01-30 09:00:00,29670000.0,28706000.0,29957489.865396976,-4.359680434045066,1.0,13001.6290937068
2023-01-31 09:00:00,28706000.0,29064000.0,28984640.03722461,0.27305244555254127,1.0,12480.924146390049
2023-02-01 09:00:00,29064000.0,29620000.0,29118109.86255222,1.6944299036049353,0.0,12480.924146390049
2023-02-02 09:00:00,29620000.0,29600000.0,29804410.11050404,-0.6905746976487792,1.0,12480.924146390049
2023-02-03 09:00:00,29600000.0,29432000.0,29472128.94877913,-0.1363446207499609,0.0,12472.496783698361
2023-02-04 09:00:00,29432000.0,29420000.0,29779389.793656304,-1.2215832551200017,1.0,12472.496783698361
2023-02-05 09:00:00,29420000.0,28990000.0,29642673.212977853,-2.251373621862203,1.0,12467.411503683263
2023-02-06 09:00:00,28990000.0,29222000.0,29046042.065047592,0.6021419990158376,0.0,12223.046848024394
2023-02-07 09:00:00,29222000.0,29452000.0,29455314.57069205,-0.011254144683047678,1.0,12223.046848024394
2023-02-08 09:00:00,29452000.0,29303000.0,28702647.851093847,2.048773671317451,0.0,12319.25178865288
2023-02-09 09:00:00,29303000.0,28193000.0,28947532.39689334,-2.676311130044128,0.0,12319.25178865288
2023-02-10 09:00:00,28193000.0,28120000.0,28216411.209758293,-0.3428563647165465,0.0,12319.25178865288
2023-02-11 09:00:00,28120000.0,28377000.0,28008885.54182544,1.2972282417963852,0.0,12319.25178865288
2023-02-12 09:00:00,28377000.0,28263000.0,28354472.70597401,-0.32364825380889817,0.0,12319.25178865288
2023-02-13 09:00:00,28263000.0,28309000.0,27859414.12267442,1.5881376146299042,0.0,12319.25178865288
2023-02-14 09:00:00,28309000.0,28798000.0,28350760.690610234,1.5530221174726242,0.0,12319.25178865288
2023-02-15 09:00:00,28798000.0,31186000.0,28744560.66236851,7.82863893295546,0.0,12319.25178865288
2023-02-16 09:00:00,31186000.0,30451000.0,30496833.126633327,-0.15051435628822518,0.0,12319.25178865288
2023-02-17 09:00:00,30451000.0,31641000.0,30500338.151371382,3.6050120054000123,0.0,12319.25178865288
2023-02-18 09:00:00,31641000.0,31789000.0,30690655.82669082,3.45510765770921,0.0,12319.25178865288
2023-02-19 09:00:00,31789000.0,31435000.0,30833608.539845664,1.913126960885433,0.0,12319.25178865288
2023-02-20 09:00:00,31435000.0,31883000.0,30853899.426654954,3.227740718706039,0.0,12319.25178865288
2023-02-21 09:00:00,31883000.0,31736000.0,32010711.25883291,-0.8656139993474578,1.0,12319.25178865288
2023-02-22 09:00:00,31736000.0,31619000.0,32711913.97986773,-3.456510262398337,1.0,12262.452553545394
2023-02-23 09:00:00,31619000.0,31398000.0,30756981.703032333,2.0415895820360106,0.0,12072.866752879823
2023-02-24 09:00:00,31398000.0,30877000.0,31349764.688972693,-1.5311224826657155,0.0,12072.866752879823
2023-02-25 09:00:00,30877000.0,30959000.0,30900324.914522532,0.18952513155291717,0.0,12072.866752879823
2023-02-26 09:00:00,30959000.0,31279000.0,30653353.250418864,2.0002134006238554,0.0,12072.866752879823
2023-02-27 09:00:00,31279000.0,31255000.0,31111760.57335229,0.45829283841852997,0.0,12072.866752879823
2023-02-28 09:00:00,31255000.0,31024000.0,31225349.03211632,-0.6490105470484785,0.0,12072.866752879823
2023-03-01 09:00:00,31024000.0,31106000.0,30801903.43142089,0.977613864139109,0.0,12072.866752879823
2023-03-02 09:00:00,31106000.0,31109000.0,31215394.852158397,-0.3420066609611284,1.0,12072.866752879823
2023-03-03 09:00:00,31109000.0,29709000.0,31047089.065531477,-4.503985544890361,0.0,12074.03111346166
2023-03-04 09:00:00,29709000.0,29838000.0,29758015.164101273,0.2680636634450271,0.0,12074.03111346166
2023-03-05 09:00:00,29838000.0,29982000.0,29350045.91666003,2.107778278100095,0.0,12074.03111346166
2023-03-06 09:00:00,29982000.0,29769000.0,29908683.435425084,-0.4692244799122714,0.0,12074.03111346166
2023-03-07 09:00:00,29769000.0,29579000.0,29191601.78577718,1.3097069347267272,0.0,12074.03111346166
2023-03-08 09:00:00,29579000.0,29023000.0,29013971.767660584,0.03110716445376322,0.0,12074.03111346166
2023-03-09 09:00:00,29023000.0,27604000.0,28490412.809760056,-3.2111752273585585,0.0,12074.03111346166
2023-03-10 09:00:00,27604000.0,27343000.0,27594016.379928477,-0.9180279410762429,0.0,12074.03111346166
2023-03-11 09:00:00,27343000.0,27737000.0,27154290.849229574,2.100836971447618,0.0,12074.03111346166
2023-03-12 09:00:00,27737000.0,29199000.0,27674245.717901517,5.221940073627464,0.0,12074.03111346166
2023-03-13 09:00:00,29199000.0,31676000.0,28942125.54731767,8.630743947096638,0.0,12074.03111346166
2023-03-14 09:00:00,31676000.0,32490000.0,31317118.72804246,3.60997621408907,0.0,12074.03111346166
2023-03-15 09:00:00,32490000.0,32511000.0,33074735.98935142,-1.7339853875655058,1.0,12074.03111346166
2023-03-16 09:00:00,32511000.0,33335000.0,33578071.32693793,-0.7291775219376896,1.0,12081.835196360482
2023-03-17 09:00:00,33335000.0,36207000.0,33396410.973449502,7.762557037452697,0.0,12388.052544390412
2023-03-18 09:00:00,36207000.0,35767000.0,35866903.66486856,-0.2793179882812744,0.0,12388.052544390412
2023-03-19 09:00:00,35767000.0,37233000.0,36416403.55025625,2.1932061605128452,1.0,12388.052544390412
2023-03-20 09:00:00,37233000.0,37295000.0,37864961.03530851,-1.528250530388819,1.0,12895.80787835961
2023-03-21 09:00:00,37295000.0,37221000.0,37664070.78029376,-1.1903784967995559,1.0,12917.281842006329
2023-03-22 09:00:00,37221000.0,36372000.0,36737973.12775508,-1.006194676550872,0.0,12891.651627331212
2023-03-23 09:00:00,36372000.0,37274000.0,34908484.52840412,6.346288221269204,0.0,12891.651627331212
2023-03-24 09:00:00,37274000.0,36749000.0,37069732.41954293,-0.8727650263760403,0.0,12891.651627331212
2023-03-25 09:00:00,36749000.0,36750000.0,37019669.810022876,-0.733795401422791,1.0,12891.651627331212
2023-03-26 09:00:00,36750000.0,37160000.0,37617408.89579831,-1.2309173729771545,1.0,12892.002430118426
2023-03-27 09:00:00,37160000.0,36110000.0,36875686.46094006,-2.1204277511494407,0.0,13035.83157287621
2023-03-28 09:00:00,36110000.0,36026000.0,36373005.69101482,-0.9632090462855128,1.0,13035.83157287621
2023-03-29 09:00:00,36026000.0,37401000.0,35772121.75878384,4.3551729665414305,0.0,12775.114941418686
2023-03-30 09:00:00,37401000.0,37157000.0,38725904.8599884,-4.222366875658419,1.0,12775.114941418686
2023-03-31 09:00:00,37157000.0,37540000.0,37744840.16031414,-0.5456583918863684,1.0,12691.771500181656
2023-04-01 09:00:00,37540000.0,37585000.0,36509425.22358745,2.8617128546296304,0.0,12519.612642590311
2023-04-02 09:00:00,37585000.0,37301000.0,37105777.44847536,0.5233708252450046,0.0,12519.612642590311
2023-04-03 09:00:00,37301000.0,36814000.0,37114669.83272295,-0.8167268776089177,0.0,12519.612642590311
2023-04-04 09:00:00,36814000.0,37205000.0,36847270.326238126,0.961509672790954,0.0,12519.612642590311
2023-04-05 09:00:00,37205000.0,37139000.0,36755691.71199375,1.032091031008518,0.0,12519.612642590311
2023-04-06 09:00:00,37139000.0,37058000.0,37479724.028120734,-1.1380107618347828,1.0,12519.612642590311
2023-04-07 09:00:00,37058000.0,36993000.0,36983811.781844474,0.02483772107027174,0.0,12492.307421015961
2023-04-08 09:00:00,36993000.0,37080000.0,36766715.1936798,0.8448889059336513,0.0,12492.307421015961
2023-04-09 09:00:00,37080000.0,37313000.0,37077017.34162661,0.6324408607546783,0.0,12492.307421015961
2023-04-10 09:00:00,37313000.0,38985000.0,36986227.6450324,5.127029254758501,0.0,12492.307421015961
2023-04-11 09:00:00,38985000.0,40004000.0,39766623.78288656,0.5933812046631405,1.0,12492.307421015961
2023-04-12 09:00:00,40004000.0,39699000.0,40383029.770389855,-1.7230403042642255,1.0,12818.8345792054
2023-04-13 09:00:00,39699000.0,39911000.0,40171099.48618544,-0.6516987451716041,1.0,12721.100738922987
2023-04-14 09:00:00,39911000.0,39804000.0,41013518.323373325,-3.038685366730291,1.0,12789.03376888978
2023-04-15 09:00:00,39804000.0,39800000.0,39983289.841285326,-0.46052723941036583,1.0,12754.746815085786
2023-04-16 09:00:00,39800000.0,39607000.0,39953709.16222758,-0.8753734497123702,1.0,12753.465059803393
2023-04-17 09:00:00,39607000.0,38700000.0,39924456.32217375,-3.1639698247383765,1.0,12691.620367427964
2023-04-18 09:00:00,38700000.0,39630000.0,39142527.49337243,1.23005931523484,1.0,12400.982357145509
2023-04-19 09:00:00,39630000.0,38300000.0,39871891.56977871,-4.104155534670262,1.0,12698.990460301718
2023-04-20 09:00:00,38300000.0,37672000.0,38575000.11675816,-2.397006043634955,1.0,12242.461272595641
2023-04-21 09:00:00,37672000.0,36337000.0,37007857.838312216,-1.8462114052129128,0.0,12242.461272595641
2023-04-22 09:00:00,36337000.0,37182000.0,36741436.34893665,1.1848842210299415,1.0,12242.461272595641
2023-04-23 09:00:00,37182000.0,36802000.0,37321586.1417844,-1.4118421329938584,1.0,12527.154003843221
2023-04-24 09:00:00,36802000.0,36750000.0,36831749.43057407,-0.22244743013351548,0.0,12399.126503400523
2023-04-25 09:00:00,36750000.0,37877000.0,37274908.24193154,1.589597270291885,1.0,12399.126503400523
2023-04-26 09:00:00,37877000.0,38017000.0,38260469.86217616,-0.6404236583006485,1.0,12779.36638283814
2023-04-27 09:00:00,38017000.0,39258000.0,39131134.694014326,0.3231578429509253,1.0,12826.601150470142
2023-04-28 09:00:00,39258000.0,39083000.0,39619448.73119654,-1.3725884174616523,1.0,13245.303626408102
2023-04-29 09:00:00,39083000.0,38965000.0,38974009.051577725,-0.02312088175984734,0.0,13186.2601668681
2023-04-30 09:00:00,38965000.0,39149000.0,38782354.65583269,0.9365382108541905,0.0,13186.2601668681
2023-05-01 09:00:00,39149000.0,37769000.0,38449368.24134922,-1.8013933155477253,0.0,13186.2601668681
2023-05-02 09:00:00,37769000.0,38405000.0,37767055.31124847,1.6610980048210746,0.0,13186.2601668681
2023-05-03 09:00:00,38405000.0,38703000.0,38706470.2032216,-0.008966238331903928,1.0,13186.2601668681
2023-05-04 09:00:00,38703000.0,38580000.0,38189498.39153208,1.0121866471433947,0.0,13288.577717440336
2023-05-05 09:00:00,38580000.0,39053000.0,38504864.43287706,1.4035683996695354,0.0,13288.577717440336
2023-05-06 09:00:00,39053000.0,38677000.0,39566425.8959966,-2.299624831286295,1.0,13288.577717440336
2023-05-07 09:00:00,38677000.0,38143000.0,38722998.25695489,-1.5205889860653161,0.0,13022.806163091529
2023-05-08 09:00:00,38143000.0,37255000.0,38104303.89178861,-2.279704447157722,0.0,13022.806163091529
2023-05-09 09:00:00,37255000.0,37150000.0,37013018.33531056,0.36872588072526663,0.0,13022.806163091529
2023-05-10 09:00:00,37150000.0,37071000.0,36695696.13587486,1.0123920696100457,0.0,13022.806163091529
2023-05-11 09:00:00,37071000.0,36411000.0,37121800.75624178,-1.9521593920567508,0.0,13022.806163091529
2023-05-12 09:00:00,36411000.0,36341000.0,36019313.52908724,0.8851888250536915,0.0,13022.806163091529
2023-05-13 09:00:00,36341000.0,36374000.0,36204602.24194897,0.46571110697484563,0.0,13022.806163091529
2023-05-14 09:00:00,36374000.0,36415000.0,37199727.42372934,-2.1549565391441377,1.0,13022.806163091529
2023-05-15 09:00:00,36415000.0,36632000.0,36900163.627473824,-0.7320474652594009,1.0,13037.485193516744
2023-05-16 09:00:00,36632000.0,36421000.0,36700145.638829686,-0.7664414454015149,0.0,13115.176647230684
2023-05-17 09:00:00,36421000.0,36700000.0,36576871.19214373,0.3355008388454201,1.0,13115.176647230684
2023-05-18 09:00:00,36700000.0,36240000.0,36681299.98940726,-1.2177152025586746,0.0,13215.644352251891
2023-05-19 09:00:00,36240000.0,36156000.0,36769245.70552767,-1.696110481047878,1.0,13215.644352251891
2023-05-20 09:00:00,36156000.0,36385000.0,35918372.4794437,1.282472229095234,0.0,13185.012064018194
2023-05-21 09:00:00,36385000.0,36051000.0,36134062.308059186,-0.23040223033809257,0.0,13185.012064018194
2023-05-22 09:00:00,36051000.0,35947000.0,36238440.8955664,-0.8107516498355813,1.0,13185.012064018194
2023-05-23 09:00:00,35947000.0,36381000.0,36126621.24858521,0.6992076947164474,1.0,13146.975913712851
2023-05-24 09:00:00,36381000.0,35452000.0,36452742.263749704,-2.822809048148775,0.0,13305.70369479476
2023-05-25 09:00:00,35452000.0,35547000.0,34588319.96308417,2.696936554184126,0.0,13305.70369479476
2023-05-26 09:00:00,35547000.0,35771000.0,35740620.61621494,0.08492740987129668,1.0,13305.70369479476
2023-05-27 09:00:00,35771000.0,35824000.0,35267203.08436369,1.554256687238467,0.0,13389.549803541884
2023-05-28 09:00:00,35824000.0,37350000.0,35799228.449875474,4.1519987955141255,0.0,13389.549803541884
2023-05-29 09:00:00,37350000.0,36992000.0,37064272.167266436,-0.19537242448755388,0.0,13389.549803541884
